Text,True Label,Top1 Prediction,Top1 Correct,Top2 Prediction,Top2 Correct,Top3 Prediction,Top3 Correct,Top4 Prediction,Top4 Correct,Top5 Prediction,Top5 Correct
I'm feeling great today!,ğŸ˜Š,ğŸ˜„,False,ğŸ˜„ ğŸ˜Š,True,ğŸ˜„ ğŸ˜Š ğŸ˜„,True,ğŸ˜„ ğŸ˜Š ğŸ˜„ ğŸ˜„,True,ğŸ˜„ ğŸ˜Š ğŸ˜„ ğŸ˜„ ğŸ¥³,True
The news was heartbreaking.,ğŸ˜¢,ğŸ’”,False,ğŸ’” ğŸ’”,False,ğŸ’” ğŸ’” ğŸ’”,False,ğŸ’” ğŸ’” ğŸ’” ğŸ’”,False,ğŸ’” ğŸ’” ğŸ’” ğŸ’” ğŸ’”,False
This movie is so exciting!,ğŸ˜ƒ,ğŸ¤©,False,ğŸ¤© ğŸ¤©,False,ğŸ¤© ğŸ¤© ğŸ¤©,False,ğŸ¤© ğŸ¤© ğŸ¤© ğŸ¤©,False,ğŸ¤© ğŸ¤© ğŸ¤© ğŸ¤© ğŸ¤©,False
My vacation was amazing!,ğŸ˜„,ğŸ˜ƒ,False,ğŸ˜ƒ ğŸ¤©,False,ğŸ˜ƒ ğŸ¤© ğŸŒ´,False,ğŸ˜ƒ ğŸ¤© ğŸŒ´ ğŸ˜,False,ğŸ˜ƒ ğŸ¤© ğŸŒ´ ğŸ˜ ğŸ˜,False
I'm stressed about my upcoming exam.,ğŸ˜Ÿ,ğŸ˜«,False,ğŸ˜« ğŸ˜°,False,ğŸ˜« ğŸ˜° ğŸ˜°,False,ğŸ˜« ğŸ˜° ğŸ˜° ğŸ˜°,False,ğŸ˜« ğŸ˜° ğŸ˜° ğŸ˜° ğŸ˜¬,False
She got promoted! So proud of her.,ğŸ˜Š,ğŸ‰,False,ğŸ‰ ğŸ‘,False,ğŸ‰ ğŸ‘ ğŸ‰,False,ğŸ‰ ğŸ‘ ğŸ‰ ğŸ¥³,False,ğŸ‰ ğŸ‘ ğŸ‰ ğŸ¥³ ğŸ‰,False
I can't wait to see you!,ğŸ˜,ğŸ˜„,False,ğŸ˜„ ğŸ˜,False,ğŸ˜„ ğŸ˜ ğŸ˜,True,ğŸ˜„ ğŸ˜ ğŸ˜ ğŸ˜,True,ğŸ˜„ ğŸ˜ ğŸ˜ ğŸ˜ ğŸ˜,True
It's been a tough day at work.,ğŸ˜”,ğŸ˜“,False,ğŸ˜“ ğŸ˜“,False,ğŸ˜“ ğŸ˜“ ğŸ˜”,True,ğŸ˜“ ğŸ˜“ ğŸ˜” ğŸ˜,True,ğŸ˜“ ğŸ˜“ ğŸ˜” ğŸ˜ ğŸ˜,True
That joke was hilarious!,ğŸ˜‚,ğŸ˜‚,True,ğŸ˜‚ ğŸ˜‚,True,ğŸ˜‚ ğŸ˜‚ ğŸ˜‚,True,ğŸ˜‚ ğŸ˜‚ ğŸ˜‚ ğŸ˜‚,True,ğŸ˜‚ ğŸ˜‚ ğŸ˜‚ ğŸ˜‚ ğŸ˜‚,True
I'm feeling anxious about the interview.,ğŸ˜¬,ğŸ˜¬,True,ğŸ˜¬ ğŸ˜¬,True,ğŸ˜¬ ğŸ˜¬ ğŸ˜°,True,ğŸ˜¬ ğŸ˜¬ ğŸ˜° ğŸ˜°,True,ğŸ˜¬ ğŸ˜¬ ğŸ˜° ğŸ˜° ğŸ˜¬,True
The sunset was breathtaking.,ğŸ˜Š,ğŸŒ…,False,ğŸŒ… ğŸŒ…,False,ğŸŒ… ğŸŒ… ğŸŒ…,False,ğŸŒ… ğŸŒ… ğŸŒ… ğŸŒ…,False,ğŸŒ… ğŸŒ… ğŸŒ… ğŸŒ… ğŸŒ…,False
I miss you so much.,ğŸ˜¢,ğŸ˜¢,True,ğŸ˜¢ ğŸ˜¢,True,ğŸ˜¢ ğŸ˜¢ ğŸ˜¢,True,ğŸ˜¢ ğŸ˜¢ ğŸ˜¢ ğŸ˜¢,True,ğŸ˜¢ ğŸ˜¢ ğŸ˜¢ ğŸ˜¢ ğŸ’”,True
I'm frustrated with this project.,ğŸ˜ ,ğŸ˜¤,False,ğŸ˜¤ ğŸ˜¤,False,ğŸ˜¤ ğŸ˜¤ ğŸ˜¤,False,ğŸ˜¤ ğŸ˜¤ ğŸ˜¤ ğŸ˜¤,False,ğŸ˜¤ ğŸ˜¤ ğŸ˜¤ ğŸ˜¤ ğŸ˜¤,False
Thank you for your kind words.,ğŸ˜Š,ğŸ¥°,False,ğŸ¥° ğŸ™,False,ğŸ¥° ğŸ™ ğŸ¥°,False,ğŸ¥° ğŸ™ ğŸ¥° ğŸ¥°,False,ğŸ¥° ğŸ™ ğŸ¥° ğŸ¥° ğŸ™,False
The concert was electrifying!,ğŸ˜„,ğŸ‰,False,ğŸ‰ ğŸ¤©,False,ğŸ‰ ğŸ¤© ğŸ†,False,ğŸ‰ ğŸ¤© ğŸ† ğŸ‡,False,ğŸ‰ ğŸ¤© ğŸ† ğŸ‡ ğŸ¤©,False
I'm worried about the future.,ğŸ˜Ÿ,ğŸ˜Ÿ,True,ğŸ˜Ÿ ğŸ˜Ÿ,True,ğŸ˜Ÿ ğŸ˜Ÿ ğŸ˜Ÿ,True,ğŸ˜Ÿ ğŸ˜Ÿ ğŸ˜Ÿ ğŸ˜Ÿ,True,ğŸ˜Ÿ ğŸ˜Ÿ ğŸ˜Ÿ ğŸ˜Ÿ ğŸ˜°,True
Her smile brightened my day.,ğŸ˜Š,ğŸ˜Š,True,ğŸ˜Š ğŸ˜Š,True,ğŸ˜Š ğŸ˜Š ğŸ˜Š,True,ğŸ˜Š ğŸ˜Š ğŸ˜Š ğŸ˜Š,True,ğŸ˜Š ğŸ˜Š ğŸ˜Š ğŸ˜Š ğŸ˜Š,True
This book is incredibly moving.,ğŸ˜­,ğŸ˜¢,False,ğŸ˜¢ ğŸ˜¢,False,ğŸ˜¢ ğŸ˜¢ ğŸ˜­,True,ğŸ˜¢ ğŸ˜¢ ğŸ˜­ ğŸ˜­,True,ğŸ˜¢ ğŸ˜¢ ğŸ˜­ ğŸ˜­ ğŸ˜¢,True
I'm so excited to start this journey!,ğŸ˜ƒ,ğŸ‰,False,ğŸ‰ ğŸ‰,False,ğŸ‰ ğŸ‰ ğŸ‰,False,ğŸ‰ ğŸ‰ ğŸ‰ ğŸ‰,False,ğŸ‰ ğŸ‰ ğŸ‰ ğŸ‰ ğŸ‰,False
I feel lonely without you.,ğŸ˜,ğŸ’”,False,ğŸ’” ğŸ’”,False,ğŸ’” ğŸ’” ğŸ’”,False,ğŸ’” ğŸ’” ğŸ’” ğŸ’”,False,ğŸ’” ğŸ’” ğŸ’” ğŸ’” ğŸ˜”,False
The surprise party made me tear up.,ğŸ˜Š,ğŸ˜­,False,ğŸ˜­ ğŸ˜­,False,ğŸ˜­ ğŸ˜­ ğŸ˜¢,False,ğŸ˜­ ğŸ˜­ ğŸ˜¢ ğŸ˜­,False,ğŸ˜­ ğŸ˜­ ğŸ˜¢ ğŸ˜­ ğŸ˜­,False
The storm ruined our plans.,ğŸ˜•,ğŸ˜,False,ğŸ˜ ğŸ˜,False,ğŸ˜ ğŸ˜ ğŸ˜,False,ğŸ˜ ğŸ˜ ğŸ˜ ğŸ˜,False,ğŸ˜ ğŸ˜ ğŸ˜ ğŸ˜ ğŸ˜,False
I'm proud of my accomplishments.,ğŸ˜Š,ğŸ¥³,False,ğŸ¥³ ğŸ¥³,False,ğŸ¥³ ğŸ¥³ ğŸ¥²,False,ğŸ¥³ ğŸ¥³ ğŸ¥² ğŸ¥³,False,ğŸ¥³ ğŸ¥³ ğŸ¥² ğŸ¥³ ğŸ¥³,False
The new job offer is a relief.,ğŸ˜Œ,ğŸ˜…,False,ğŸ˜… ğŸ˜…,False,ğŸ˜… ğŸ˜… ğŸ˜Œ,True,ğŸ˜… ğŸ˜… ğŸ˜Œ ğŸ˜…,True,ğŸ˜… ğŸ˜… ğŸ˜Œ ğŸ˜… ğŸ™Œ,True
I'm annoyed by the constant interruptions.,ğŸ˜’,ğŸ˜’,True,ğŸ˜’ ğŸ˜ ,True,ğŸ˜’ ğŸ˜  ğŸ˜ ,True,ğŸ˜’ ğŸ˜  ğŸ˜  ğŸ˜ ,True,ğŸ˜’ ğŸ˜  ğŸ˜  ğŸ˜  ğŸ˜’,True
She's such a supportive friend., ğŸ˜Š,ğŸ‘­,False,ğŸ‘­ ğŸŒŸ,False,ğŸ‘­ ğŸŒŸ â¤ï¸,False,ğŸ‘­ ğŸŒŸ â¤ï¸ â¤ï¸,False,ğŸ‘­ ğŸŒŸ â¤ï¸ â¤ï¸ ğŸ¥°,False
I'm overwhelmed by all the responsibilities.,ğŸ˜©,ğŸ˜°,False,ğŸ˜° ğŸ˜°,False,ğŸ˜° ğŸ˜° ğŸ˜©,True,ğŸ˜° ğŸ˜° ğŸ˜© ğŸ˜“,True,ğŸ˜° ğŸ˜° ğŸ˜© ğŸ˜“ ğŸ˜°,True
The puppy video made me smile.,ğŸ˜Š,ğŸ˜Š,True,ğŸ˜Š ğŸ˜Š,True,ğŸ˜Š ğŸ˜Š ğŸ˜Š,True,ğŸ˜Š ğŸ˜Š ğŸ˜Š ğŸ˜Š,True,ğŸ˜Š ğŸ˜Š ğŸ˜Š ğŸ˜Š ğŸ˜Š,True
I'm devastated by the loss.,ğŸ˜­,ğŸ˜¢,False,ğŸ˜¢ ğŸ˜¢,False,ğŸ˜¢ ğŸ˜¢ ğŸ’”,False,ğŸ˜¢ ğŸ˜¢ ğŸ’” ğŸ˜¢,False,ğŸ˜¢ ğŸ˜¢ ğŸ’” ğŸ˜¢ ğŸ˜¢,False
I'm feeling motivated to exercise.,ğŸ’ª,ğŸ’ª,True,ğŸ’ª ğŸ’ª,True,ğŸ’ª ğŸ’ª ğŸ’ª,True,ğŸ’ª ğŸ’ª ğŸ’ª ğŸ’ª,True,ğŸ’ª ğŸ’ª ğŸ’ª ğŸ’ª ğŸ’ª,True
The traffic jam stressed me out.,ğŸ˜«,ğŸ˜«,True,ğŸ˜« ğŸ˜¤,True,ğŸ˜« ğŸ˜¤ ğŸ˜©,True,ğŸ˜« ğŸ˜¤ ğŸ˜© ğŸ˜«,True,ğŸ˜« ğŸ˜¤ ğŸ˜© ğŸ˜« ğŸ˜«,True
I'm looking forward to the weekend.,ğŸ˜„,ğŸ˜Š,False,ğŸ˜Š ğŸ˜Š,False,ğŸ˜Š ğŸ˜Š ğŸ˜,False,ğŸ˜Š ğŸ˜Š ğŸ˜ ğŸ˜Š,False,ğŸ˜Š ğŸ˜Š ğŸ˜ ğŸ˜Š ğŸ˜Š,False
He surprised me with flowers.,ğŸ˜,ğŸŒ¸,False,ğŸŒ¸ ğŸ’,False,ğŸŒ¸ ğŸ’ ğŸŒ¸,False,ğŸŒ¸ ğŸ’ ğŸŒ¸ ğŸ’,False,ğŸŒ¸ ğŸ’ ğŸŒ¸ ğŸ’ ğŸ’,False
The rejection letter was disappointing.,ğŸ˜,ğŸ˜,True,ğŸ˜ ğŸ˜,True,ğŸ˜ ğŸ˜ ğŸ˜,True,ğŸ˜ ğŸ˜ ğŸ˜ ğŸ˜,True,ğŸ˜ ğŸ˜ ğŸ˜ ğŸ˜ ğŸ˜,True
I'm inspired by her dedication.,ğŸ˜Š,ğŸŒŸ,False,ğŸŒŸ ğŸŒŸ,False,ğŸŒŸ ğŸŒŸ ğŸŒŸ,False,ğŸŒŸ ğŸŒŸ ğŸŒŸ ğŸŒŸ,False,ğŸŒŸ ğŸŒŸ ğŸŒŸ ğŸŒŸ ğŸŒŸ,False
The party was a blast!,ğŸ‰,ğŸ‰,True,ğŸ‰ ğŸ‰,True,ğŸ‰ ğŸ‰ ğŸ‰,True,ğŸ‰ ğŸ‰ ğŸ‰ ğŸ‰,True,ğŸ‰ ğŸ‰ ğŸ‰ ğŸ‰ ğŸ‰,True
I'm nervous about the presentation.,ğŸ˜¬,ğŸ˜¬,True,ğŸ˜¬ ğŸ˜¬,True,ğŸ˜¬ ğŸ˜¬ ğŸ˜¬,True,ğŸ˜¬ ğŸ˜¬ ğŸ˜¬ ğŸ˜¬,True,ğŸ˜¬ ğŸ˜¬ ğŸ˜¬ ğŸ˜¬ ğŸ˜¬,True
The sunrise was breathtaking.,ğŸ˜Š,ğŸŒ…,False,ğŸŒ… ğŸŒ…,False,ğŸŒ… ğŸŒ… ğŸŒ…,False,ğŸŒ… ğŸŒ… ğŸŒ… ğŸŒ…,False,ğŸŒ… ğŸŒ… ğŸŒ… ğŸŒ… ğŸŒ…,False
I'm so grateful for your help.,ğŸ˜Š,ğŸ™,False,ğŸ™ ğŸ™,False,ğŸ™ ğŸ™ ğŸ™,False,ğŸ™ ğŸ™ ğŸ™ ğŸ™,False,ğŸ™ ğŸ™ ğŸ™ ğŸ™ ğŸ™,False
The loss hit me hard.,ğŸ˜¢,ğŸ’”,False,ğŸ’” ğŸ’”,False,ğŸ’” ğŸ’” ğŸ’”,False,ğŸ’” ğŸ’” ğŸ’” ğŸ˜¢,True,ğŸ’” ğŸ’” ğŸ’” ğŸ˜¢ ğŸ’”,True
